{
  "name": "components-bootstrap",
  "repo": "components/bootstrap",
  "description": "The most popular front-end framework for developing responsive, mobile first projects on the web.",
  "homepage": "http://getbootstrap.com",
  "version": "3.4.1",
  "keywords": [
    "css",
    "less",
    "mobile-first",
    "responsive",
    "front-end",
    "framework",
    "web"
  ],
  "license": "MIT",
  "dependencies": {
    "components/jquery": "1.9.1 - 3"
  },
  "main": "js/bootstrap.js",
  "scripts": [
    "js/bootstrap.js"
  ],
  "files": [
    "css/bootstrap.css",
    "css/bootstrap.css.map",
    "css/bootstrap-theme.css",
    "css/bootstrap-theme.css.map",
    "css/bootstrap.min.css",
    "css/bootstrap.min.css.map",
    "css/bootstrap-theme.min.css",
    "css/bootstrap-theme.min.css.map"
  ],
  "fonts": [
    "fonts/glyphicons-halflings-regular.eot",
    "fonts/glyphicons-halflings-regular.svg",
    "fonts/glyphicons-halflings-regular.ttf",
    "fonts/glyphicons-halflings-regular.woff",
    "fonts/glyphicons-halflings-regular.woff2"
  ],
  "less": [
    "less/mixins/alerts.less",
    "less/mixins/background-variant.less",
    "less/mixins/border-radius.less",
    "less/mixins/buttons.less",
    "less/mixins/center-block.less",
    "less/mixins/clearfix.less",
    "less/mixins/forms.less",
    "less/mixins/gradients.less",
    "less/mixins/grid-framework.less",
    "less/mixins/grid.less",
    "less/mixins/hide-text.less",
    "less/mixins/image.less",
    "less/mixins/labels.less",
    "less/mixins/list-group.less",
    "less/mixins/nav-divider.less",
    "less/mixins/nav-vertical-align.less",
    "less/mixins/opacity.less",
    "less/mixins/pagination.less",
    "less/mixins/panels.less",
    "less/mixins/progress-bar.less",
    "less/mixins/reset-filter.less",
    "less/mixins/reset-text.less",
    "less/mixins/resize.less",
    "less/mixins/responsive-visibility.less",
    "less/mixins/size.less",
    "less/mixins/tab-focus.less",
    "less/mixins/table-row.less",
    "less/mixins/text-emphasis.less",
    "less/mixins/text-overflow.less",
    "less/mixins/vendor-prefixes.less",
    "less/alerts.less",
    "less/badges.less",
    "less/bootstrap.less",
    "less/breadcrumbs.less",
    "less/button-groups.less",
    "less/buttons.less",
    "less/carousel.less",
    "less/close.less",
    "less/code.less",
    "less/component-animations.less",
    "less/dropdowns.less",
    "less/forms.less",
    "less/glyphicons.less",
    "less/grid.less",
    "less/input-groups.less",
    "less/jumbotron.less",
    "less/labels.less",
    "less/list-group.less",
    "less/media.less",
    "less/mixins.less",
    "less/modals.less",
    "less/navbar.less",
    "less/navs.less",
    "less/normalize.less",
    "less/pager.less",
    "less/pagination.less",
    "less/panels.less",
    "less/popovers.less",
    "less/print.less",
    "less/progress-bars.less",
    "less/responsive-embed.less",
    "less/responsive-utilities.less",
    "less/scaffolding.less",
    "less/tables.less",
    "less/theme.less",
    "less/thumbnails.less",
    "less/tooltip.less",
    "less/type.less",
    "less/utilities.less",
    "less/variables.less",
    "less/wells.less"
  ]
}
